<?xml version="1.0" encoding="UTF-8"?>
<project-private xmlns="http://www.netbeans.org/ns/project-private/1">
    <editor-bookmarks xmlns="http://www.netbeans.org/ns/editor-bookmarks/2" lastBookmarkId="0"/>
    <open-files xmlns="http://www.netbeans.org/ns/projectui-open-files/2">
        <group>
            <file>file:/C:/Users/horse/Documents/GitHub/CSE360-Group-Project/CSE360-V2/network/src/network/pathObject.java</file>
            <file>file:/C:/Users/horse/Documents/GitHub/CSE360-Group-Project/CSE360-V2/network/src/network/mainView.java</file>
            <file>file:/C:/Users/horse/Documents/GitHub/CSE360-Group-Project/CSE360-V2/network/src/network/LinkedList.java</file>
            <file>file:/C:/Users/horse/Documents/GitHub/CSE360-Group-Project/CSE360-V2/network/src/network/Node.java</file>
        </group>
    </open-files>
</project-private>
